miseq_id,sample_name,site,sample_id,rep,barcode,nreads
1_KAY_01-a,1,KAY,01,a,GAACTGAGCG+TCGTGGAGCG,202986
2_KAY_01-b,2,KAY,01,b,AGGTCAGATA+CTACAAGATA,213095
3_KAY_01-c,3,KAY,01,c,CGTCTCATAT+TATAGTAGCT,252582
4_KAY_02-a,4,KAY,02,a,ATTCCATAAG+TGCCTGGTGG,169527
5_KAY_02-b,5,KAY,02,b,GACGAGATTA+ACATTATCCT,200586
6_KAY_02-c,6,KAY,02,c,AACATCGCGC+GTCCACTTGT,221019
7_KAY_03-a,7,KAY,03,a,CTAGTGCTCT+TGGAACAGTA,60129
8_KAY_03-b,8,KAY,03,b,GATCAAGGCA+CCTTGTTAAT,84039
9_KAY_03-c,9,KAY,03,c,GACTGAGTAG+GTTGATAGTG,186064
10_KAY_04-a,10,KAY,04,a,AGTCAGACGA+ACCAGCGACA,266715
11_KAY_04-b,11,KAY,04,b,CCGTATGTTC+CATACACTGT,128293
12_KAY_04-c,12,KAY,04,c,GAGTCATAGG+GTGTGGCGCT,145421
13_KAY_05-a,13,KAY,05,a,CTTGCCATTA+ATCACGAAGG,33786
14_KAY_05-b,14,KAY,05,b,GAAGCGGCAC+CGGCTCTACT,22112
15_KAY_05-c,15,KAY,05,c,TCCATTGCCG+GAATGCACGA,6841
16_KAY_12-a,16,KAY,12,a,CGGTTACGGC+AAGACTATAG,254259
17_KAY_12-b,17,KAY,12,b,GAGAATGGTT+TCGGCAGCAA,290269
18_KAY_12-c,18,KAY,12,c,AGAGGCAACC+CTAATGATGG,257969
19_KAY_13-a,19,KAY,13,a,CCATCATTAG+GGTTGCCTCT,216896
20_KAY_13-b,20,KAY,13,b,GATAGGCCGA+CGCACATGGC,169422
21_KAY_13-c,21,KAY,13,c,ATGGTTGACT+GGCCTGTCCT,206528
22_KAY_15-a,22,KAY,15,a,TATTGCGCTC+CTGTGTTAGG,104557
23_KAY_15-b,23,KAY,15,b,ACGCCTTGTT+TAAGGAACGT,212343
24_KAY_15-c,24,KAY,15,c,TTCTACATAC+CTAACTGTAA,189551
25_KAY_16-a,25,KAY,16,a,AACCATAGAA+GGCGAGATGG,308025
26_KAY_16-b,26,KAY,16,b,GGTTGCGAGG+AATAGAGCAA,179353
27_KAY_16-c,27,KAY,16,c,TAAGCATCCA+TCAATCCATT,375004
28_KAY_17-a,28,KAY,17,a,ACCACGACAT+TCGTATGCGG,245750
29_KAY_17-b,29,KAY,17,b,GCCGCACTCT+TCCGACCTCG,232787
30_KAY_17-c,30,KAY,17,c,CCACCAGGCA+CTTATGGAAT,208979
31_KAY_18-a,31,KAY,18,a,GTGACACGCA+GCTTACGGAC,201067
32_KAY_18-b,32,KAY,18,b,ACAGTGTATG+GAACATACGG,216676
33_KAY_18-c,33,KAY,18,c,TGATTATACG+GTCGATTACA,235417
34_KAY_19-a,34,KAY,19,a,CAGCCGCGTA+ACTAGCCGTG,253963
35_KAY_19-b,35,KAY,19,b,GGTAACTCGC+AAGTTGGTGA,299339
36_KAY_19-c,36,KAY,19,c,ACCGGCCGTA+TGGCAATATT,256144
37_KAY_20-a,37,KAY,20,a,TGTAATCGAC+GATCACCGCG,197509
38_KAY_20-b,38,KAY,20,b,GTGCAGACAG+TACCATCCGT,188918
39_KAY_20-c,39,KAY,20,c,CAATCGGCTG+GCTGTAGGAA,226188
40_KAY_21-a,40,KAY,21,a,TATGTAGTCA+CGCACTAATG,280543
41_KAY_21-b,41,KAY,21,b,ACTCGGCAAT+GACAACTGAA,255780
42_KAY_21-c,42,KAY,21,c,GTCTAATGGC+AGTGGTCAGG,258011
43_KAY_22-a,43,KAY,22,a,CCATCTCGCC+TTCTATGGTT,183578
44_KAY_22-b,44,KAY,22,b,CTGCGAGCCA+AATCCGGCCA,186572
45_KAY_22-c,45,KAY,22,c,CGTTATTCTA+CCATAAGGTT,172749
46_KAY_23-a,46,KAY,23,a,AGATCCATTA+ATCTCTACCA,161992
47_KAY_23-b,47,KAY,23,b,GTCCTGGATA+CGGTGGCGAA,156194
48_KAY_23-c,48,KAY,23,c,CAGTGGCACT+TAACAATAGG,204278
49_KAY_24-a,49,KAY,24,a,AGTGTTGCAC+CTGGTACACG,136854
50_KAY_24-b,50,KAY,24,b,GACACCATGT+TCAACGTGTA,83264
51_KAY_24-c,51,KAY,24,c,CCTGTCTGTC+ACTGTTGTGA,42618
52_CLAY_02-a,52,CLAY,02,a,TGATGTAAGA+GTGCGTCCTT,313970
53_CLAY_02-b,53,CLAY,02,b,GGAATTGTAA+AGCACATCCT,280642
54_CLAY_02-c,54,CLAY,02,c,GCATAAGCTT+TTCCGTCGCA,312611
55_CLAY_03-a,55,CLAY,03,a,CTGAGGAATA+CTTAACCACT,256362
56_CLAY_03-b,56,CLAY,03,b,AACGCACGAG+GCCTCGGATA,212480
57_CLAY_03-c,57,CLAY,03,c,TCTATCCTAA+CGTCGACTGG,220012
58_CLAY_04-a,58,CLAY,04,a,CTCGCTTCGG+TACTAGTCAA,87173
59_CLAY_04-b,59,CLAY,04,b,CTGTTGGTCC+ATAGACCGTT,227265
60_CLAY_04-c,60,CLAY,04,c,TTACCTGGAA+ACAGTTCCAG,267918
61_CLAY_07-a,61,CLAY,07,a,TGGCTAATCA+AGGCATGTAG,63919
62_CLAY_07-b,62,CLAY,07,b,AACACTGTTA+GCAAGTCTCA,216037
63_CLAY_07-c,63,CLAY,07,c,ATTGCGCGGT+TTGGCTCCGC,176109
64_CLAY_08-a,64,CLAY,08,a,TGGCGCGAAC+AACTGATACT,369186
65_CLAY_08-b,65,CLAY,08,b,TAATGTGTCT+GTAAGGCATA,260824
66_CLAY_08-c,66,CLAY,08,c,ATACCAACGC+AATTGCTGCG,317143
67_CLAY_09-a,67,CLAY,09,a,AGGATGTGCT+TTACAATTCC,116666
68_CLAY_09-b,68,CLAY,09,b,CACGGAACAA+AACCTAGCAC,21149
69_CLAY_09-c,69,CLAY,09,c,TGGAGTACTT+TCTGTGTGGA,34915
70_CLAY_11-a,70,CLAY,11,a,GTATTGACGT+GGAATTCCAA,91104
71_CLAY_11-b,71,CLAY,11,b,CTTGTACACC+AAGCGCGCTT,193287
72_CLAY_11-c,72,CLAY,11,c,ACACAGGTGG+TGAGCGTTGT,182532
73_CLAY_01-a,73,CLAY,01,a,CCTGCGGAAC+ATCATAGGCT,100775
74_CLAY_01-b,74,CLAY,01,b,TTCATAAGGT+TGTTAGAAGG,258779
75_CLAY_01-c,75,CLAY,01,c,CTCTGCAGCG+GATGGATGTA,170374
76_MARPT_02-a,76,MARPT,02,a,CTGACTCTAC+ACGGCCGTCA,160104
77_MARPT_02-b,77,MARPT,02,b,TCTGGTATCC+CGTTGCTTAC,165209
78_MARPT_02-c,78,MARPT,02,c,CATTAGTGCG+TGACTACATA,231320
79_MARPT_14-a,79,MARPT,14,a,ACGGTCAGGA+CGGCCTCGTT,33915
80_MARPT_14-b,80,MARPT,14,b,GGCAAGCCAG+CAAGCATCCG,62313
81_MARPT_14-c,81,MARPT,14,c,TGTCGCTGGT+TCGTCTGACT,78118
82_CLAY_05-a,82,CLAY,05,a,ACCGTTACAA+CTCATAGCGA,435831
83_CLAY_05-b,83,CLAY,05,b,TATGCCTTAC+AGACACATTA,460608
84_CLAY_05-c,84,CLAY,05,c,ACAAGTGGAC+GCGCGATGTT,508975
85_CLAY_06-a,85,CLAY,06,a,TGGTACCTAA+CATGAGTACT,7481
86_CLAY_06-b,86,CLAY,06,b,TTGGAATTCC+ACGTCAATAC,87774
87_CLAY_06-c,87,CLAY,06,c,CCTCTACATG+GATACCTCCT,61334
88_MARPT_01-a,88,MARPT,01,a,GGAGCGTGTA+ATCCGTAAGT,241797
92_MARPT_01-b,92,MARPT,01,b,GCGTTGGTAT+ACATACTTCC,140723
93_MARPT_01-c,93,MARPT,01,c,ACATATCCAG+TATGTGCAAT,153939
95_Positive_Control,95,Positive,Control,NA,GTATTCCACC+ATGTAGACAA,5334
96_Negative_Control,96,Negative,Control,NA,CCTCCGTCCA+CACATCGGTG,38
